<?xml version="1.0" encoding="UTF-8"?>
<EmailTemplate xmlns="http://soap.sforce.com/2006/04/metadata">
    <available>true</available>
    <encodingKey>ISO-8859-1</encodingKey>
    <name>Candidate Selected Alert</name>
    <style>none</style>
    <subject>{!Candidate__c.Practice__c} &apos;HR Feedback&apos; of {!Candidate__c.Name}</subject>
    <textOnly>Dear Sir/Madam

Candidate {!Candidate__c.Name} is cleared all the round of interview and has been Selected. Below are the details :-

Name    {!Candidate__c.Name}

Practice    {!Candidate__c.Practice__c}

Role   {!Candidate__c.Role__c}

Total Experience   {!Candidate__c.Total_Experience__c}

Relevant Experience    {!Candidate__c.Relevant_Experience__c}

Current Company    {!Candidate__c.Current_Company__c}

Current CTC    {!Candidate__c.Current_CTC__c}

Expected CTC    {!Candidate__c.Expected_CTC__c}

Notice Period(Days)    {!Candidate__c.Notice_Period__c}

Customer    {!Job_Request__c.Customer__c}

Rate   {!Job_Request__c.Rate__c}

Rate Type   {!Job_Request__c.Rate_Type__c}


Please click on the link below to go to detail page

Record Detail Link   : {!Candidate__c.Link}

Thanks
HR JKT</textOnly>
    <type>custom</type>
</EmailTemplate>
