<?xml version="1.0" encoding="UTF-8"?>
<EmailTemplate xmlns="http://soap.sforce.com/2006/04/metadata">
    <available>true</available>
    <description>Email template for Interview Feedback</description>
    <encodingKey>ISO-8859-1</encodingKey>
    <name>HR Interview Feedback to Rec HR</name>
    <style>none</style>
    <subject>{!Interview_Feedback__c.Practice__c} Interview feedback of {!Interview_Feedback__c.Candidate_Name__c}</subject>
    <textOnly>Dear Sir/Madam

Please find the Interview Feedback for the candidate - {!Interview_Feedback__c.Applicant_s_Name__c}.

Key skill rating                        : {!Interview_Feedback__c.Key_Skills_Rating__c}
Relevant Project/Functional Experience  : {!Interview_Feedback__c.Relevant_Project_Functional_Experience__c}
Major Strengths (Technical/ Functional) :  {!Interview_Feedback__c.Major_Strengths_Technical_Functional__c}
Major Weaknesses (Technical/Functional) : {!Interview_Feedback__c.Major_Weaknesses_Technical_Functional__c}
Recommended / Not Recommended           : {!Interview_Feedback__c.Recommended_Not_Recommended__c}
Overall Rating                          : {!Interview_Feedback__c.Overall_Rating__c}
Status                                  : {!Interview_Feedback__c.Status__c}

Please click on the link below to go to detail page

Record Detail Link                      :  {!Interview_Feedback__c.Link}

Thanks
{!Interview_Feedback__c.LastModifiedBy}</textOnly>
    <type>custom</type>
</EmailTemplate>
