<?xml version="1.0" encoding="UTF-8"?>
<EmailTemplate xmlns="http://soap.sforce.com/2006/04/metadata">
    <available>true</available>
    <encodingKey>ISO-8859-1</encodingKey>
    <name>New Job Request - Rejected</name>
    <style>none</style>
    <subject>Rejected {!Job_Request__c.Name} {!Job_Request__c.Practice__c} {!Job_Request__c.Role__c}</subject>
    <textOnly>Hello Recruitment Team

Here are the requirement for resources as follows :-

Practice    {!Job_Request__c.Practice__c}

Role    {!Job_Request__c.Role__c}

Skills    {!Job_Request__c.Skills__c}

No of Position   {!Job_Request__c.No_Of_Positions__c}

Customer    {!Job_Request__c.Customer__c}

Engagement Type    {!Job_Request__c.Engagement_Type__c}

Billing detail   {!Job_Request__c.Rate__c} {!Job_Request__c.Rate_Type__c}

Due Date    {!Job_Request__c.Due_Date__c}


Please click on the link below to go to detail page

Record Detail Link   : {!Job_Request__c.Link}

Thanks
HR JKT</textOnly>
    <type>custom</type>
</EmailTemplate>
