<?xml version="1.0" encoding="UTF-8"?>
<EmailTemplate xmlns="http://soap.sforce.com/2006/04/metadata">
    <available>true</available>
    <encodingKey>ISO-8859-1</encodingKey>
    <name>Offer and Joining Detail Email Template</name>
    <style>none</style>
    <subject>offer detail and joining details of  {!Interview_Feedback__c.Candidate__c}</subject>
    <textOnly>Dear Delivery Team,  

Please find the below details of  {!Interview_Feedback__c.Candidate__c}, selected  for the Position of  {Interview_Feedback__r.Job_Request__c.Practice__c},  {!Interview_Feedback__c.00Np0000000s1XE}.  

Offer and Joining Details are:

Date Of Joining -- {!Interview_Feedback__c.00Np0000000s18J} ,

Feedback Status -- {!Interview_Feedback__c.Feedback__c} ,

Overall Rating -- {!Interview_Feedback__c.Overall_Rating__c},  

Result Of Interview -- {!Interview_Feedback__c.00Np0000000rpEP} ,

Remarks -- {!Interview_Feedback__c.Remarks_if_any__c}. 

Thanks &amp; Regards, 
HR Team.</textOnly>
    <type>custom</type>
</EmailTemplate>
