<?xml version="1.0" encoding="UTF-8"?>
<EmailTemplate xmlns="http://soap.sforce.com/2006/04/metadata">
    <available>true</available>
    <encodingKey>ISO-8859-1</encodingKey>
    <name>Offer Email Template</name>
    <style>none</style>
    <subject>Offer Letter</subject>
    <textOnly>Dear {!Interview_Feedback__c.Candidate__c},  

This is with reference to our subsequent discussions and interviews.

Please find attached the soft copy of the JKT Offer of employment to you.

Your Date Of Joining is on or before {!Interview_Feedback__c.00Np0000000s18J}  with JK Technosoft Ltd.  

Would request you to please send in the Offer Acceptance through email as soon as possible.  

Thanks &amp; regards 
Recruitment Team</textOnly>
    <type>custom</type>
</EmailTemplate>
