<?xml version="1.0" encoding="UTF-8"?>
<EmailTemplate xmlns="http://soap.sforce.com/2006/04/metadata">
    <available>true</available>
    <description>This email template without jkt letter head is using to send email to candidate to update profile</description>
    <encodingKey>ISO-8859-1</encodingKey>
    <name>Profile Update Without LetterHead</name>
    <style>none</style>
    <subject>JKT {!Candidate__c.Practice__c} Profile Update {!Candidate__c.Role__c}</subject>
    <textOnly>Dear {!Candidate__c.Name},
Greeting from JKTechnosoft HR Team.
Your Profile has been selected for {!Candidate__c.Practice__c} {!Candidate__c.Role__c}.
Thank you for showing your interest in joining JK Technosoft.
Background Verification / Check would be conducted by Third Party Agency, as per the business / company norms, please ensure that all the Credentials (Information / Documents) furnished by you are genuine and correct.
Please Update your details using the below link. You will shortly receive a calendar invite for the interview.
click here
Please find below job description for the applied position.
{!Job_Request__c.Job_Description__c}
Company Profile
(Member organization of JK Group)    JKT Technosoft    JKT is a global Enterprise Software Solutions, IT Services and Training company. It brings 20 years of proven capability &amp; rich experience in technology driven business solutions. JKT has demonstrated experience in providing Consulting, Implementation of Enterprise Solutions, Process Automation, Business Intelligence and Mobile Solutions.
A part of one of the India&apos;s largest conglomerates, and 125 year old rich legacy of JK Organization, JKT strives to provide best-in-class services to its clients across the world. JK Organization is a $4 billion group with diversified business across the globe and dwells in both manufacturing &amp; services sector.
JKT has multi-facet partnership with SAP including service, channel &amp; education. JKT is also closely associated with Nasscom &amp; Gartner to stay in lead in fast changing world of technology, business solutions and human capital.
Along with global partnerships, JKT is also ISO 9001, ISO 27001, CMMi level 3 accredited, EXIN, ITSMF, and SAP AMS certified company with numerous patents registered for IT service processes and solutions technology.
Deep understanding and proven capability, makes JKT preferred partner in focused verticals of Manufacturing, Automotive, Cement, Consumer Goods, Infrastructure, Oil &amp; Gas, Public Sector and Education. JKT brings the competitive advantage through process optimization &amp; IT alignment, global sourcing, technology solutions and the most importantly passion of its team. JKT is recognized as Premium Training partner for many Fortune 500 companies and is an integral part of their talent acquisition and development function. It blends the traditional Instructor Led Training and Digital Training in a unique way to maximize the learning with minimum investment.
Below are the Group Companies of JK Group.
Regards,
HR TEAM.</textOnly>
    <type>custom</type>
</EmailTemplate>
