<?xml version="1.0" encoding="UTF-8"?>
<EmailTemplate xmlns="http://soap.sforce.com/2006/04/metadata">
    <available>true</available>
    <encodingKey>ISO-8859-1</encodingKey>
    <name>Update Profile Email Template</name>
    <style>none</style>
    <subject>Update Profile</subject>
    <textOnly>Dear  {!Candidate__c.Name},

Your profile has been short listed for {!Candidate__c.Role__c} position in JK Technosoft.

Job description is – 

{!Job_Request__c.Job_Description__c}

Please update your profile using the below provided link. 

https://c.cs31.visual.force.com/apex/JKT_OfferLetterPDF?CandiId={!Candidate__c.Id}

Thanks &amp; Regards, 
Recruiting Team.</textOnly>
    <type>custom</type>
</EmailTemplate>
