<?xml version="1.0" encoding="UTF-8"?>
<DashboardFolder xmlns="http://soap.sforce.com/2006/04/metadata">
    <folderShares>
        <accessLevel>View</accessLevel>
        <sharedTo>Executive_Sr_Executive_Recritment</sharedTo>
        <sharedToType>Role</sharedToType>
    </folderShares>
    <folderShares>
        <accessLevel>View</accessLevel>
        <sharedTo>Global_Delivery_Head</sharedTo>
        <sharedToType>Role</sharedToType>
    </folderShares>
    <folderShares>
        <accessLevel>View</accessLevel>
        <sharedTo>Head_Recruitment</sharedTo>
        <sharedToType>Role</sharedToType>
    </folderShares>
    <folderShares>
        <accessLevel>View</accessLevel>
        <sharedTo>Head_of_HR_and_Recruitment</sharedTo>
        <sharedToType>Role</sharedToType>
    </folderShares>
    <name>HR - Dashboard</name>
</DashboardFolder>
