<?xml version="1.0" encoding="UTF-8"?>
<EmailTemplate xmlns="http://soap.sforce.com/2006/04/metadata">
    <available>true</available>
    <encodingKey>ISO-8859-1</encodingKey>
    <name>Do not reply-Timesheet Not Filled</name>
    <style>none</style>
    <subject>Do not reply-Timesheet Not Filled</subject>
    <textOnly>Hi {!Employee__c.Name}, 

Please fill your timesheet as you have not updated your timesheet for the past 3 days. It is recommended that you fill your timesheet everyday.

Kindly ignore this mail if you already filled your timesheet. For any further clarifications please contact HR. 

Regards,
HR TEAM</textOnly>
    <type>custom</type>
</EmailTemplate>
