<?xml version="1.0" encoding="UTF-8"?>
<EmailTemplate xmlns="http://soap.sforce.com/2006/04/metadata">
    <available>true</available>
    <encodingKey>ISO-8859-1</encodingKey>
    <name>Do-Not Reply Year End Review Date</name>
    <style>none</style>
    <subject>Do-not reply Year End Review</subject>
    <textOnly>Hi {!Performance_Review__c.Employee_Name__c},

As Your Year End Review Date is Approching which is dated on {!Performance_Review__c.Year_End_Review_Date__c}  for Performance Year {!Performance_Review__c.Performance_Year__c} . Please sit with your manager  and close the Year End Review Date.


Regards,
HR TEAM</textOnly>
    <type>custom</type>
</EmailTemplate>
