<?xml version="1.0" encoding="UTF-8"?>
<EmailTemplate xmlns="http://soap.sforce.com/2006/04/metadata">
    <available>true</available>
    <encodingKey>ISO-8859-1</encodingKey>
    <name>End Date Workflow</name>
    <style>none</style>
    <subject>Do-not Reply Project Closure</subject>
    <textOnly>Dear {!Projects__c.Project_Managers__c},

Kindly note that the following project ended on {!Projects__c.EndDate__c}. Kindly extend/close the project accordingly.


Project Name :{!Projects__c.Name}
Project Code :{!Projects__c.Project_Code__c}
Project End Date :{!Projects__c.EndDate__c}

Regards</textOnly>
    <type>custom</type>
</EmailTemplate>
