<?xml version="1.0" encoding="UTF-8"?>
<EmailTemplate xmlns="http://soap.sforce.com/2006/04/metadata">
    <available>true</available>
    <encodingKey>ISO-8859-1</encodingKey>
    <name>Interview Scheduled Template</name>
    <style>none</style>
    <subject>Interview has been scheduled</subject>
    <textOnly>Hello ,  

Kindly interview {!Interview_Feedback__c.Candidate__c} for the role of {Interview_Feedback__r.Job_Request__r.Practice__c}, {!Interview_Feedback__c.00Np0000000s1XE}.  

The job description is – {Interview_Feedback__r.Job_Request__r.Job_Description__c}  

{!Interview_Feedback__c.Candidate__c} 
{!Interview_Feedback__c.Key_Skills_Rating__c}
{!Interview__c.00Np0000000s1vz}  

On completion of interview, please provide the feedback from the following link – {!Interview_Feedback__c.Link}  

Thanks &amp; regards Recruitment Team</textOnly>
    <type>custom</type>
</EmailTemplate>
