<?xml version="1.0" encoding="UTF-8"?>
<EmailTemplate xmlns="http://soap.sforce.com/2006/04/metadata">
    <available>true</available>
    <description>New Lead</description>
    <encodingKey>ISO-8859-1</encodingKey>
    <name>Lead Generated</name>
    <style>none</style>
    <subject>A new lead has been assigned to your panel</subject>
    <textOnly>Hi,

A new lead has been assigned to your panel. Below are details   

First Name: {!Enquiry__c.Name}  
Last Name: {!Enquiry__c.Last_Name__c}  
Contact: {!Enquiry__c.Phone_Number__c}  
GEO: {!Enquiry__c.GEO__c}  
Country: {!Enquiry__c.Country__c}    

Thanks,  
System Admin</textOnly>
    <type>custom</type>
</EmailTemplate>
