<?xml version="1.0" encoding="UTF-8"?>
<EmailTemplate xmlns="http://soap.sforce.com/2006/04/metadata">
    <available>true</available>
    <encodingKey>ISO-8859-1</encodingKey>
    <name>LeaveApplicationEmailHtml</name>
    <style>none</style>
    <subject>Apply Leave for : {!Leave__c.My_Name__c} ({!Leave__c.Employee_NameId__c})</subject>
    <textOnly>Respected Sir/Madam,

I have applied for a {!Leave__c.Leave_Type__c} , From the Duration from {!Leave__c.Leave_From__c} to {!Leave__c.Leave_To__c} . This leave consists of total {!Leave__c.LeaveDays__c} days.

Reason: [ {!Leave__c.Reason_for_Leave__c} ]

This will be grateful of you on granting my Application.

I have Leave Balance of : {!Employee__c.Balance_Leaves__c} days.

Click here to Approve or Reject

Approve

Reject


Thanks &amp; Regards
{!Employee__c.Name}

Leave Summary of last 6 months:
--------</textOnly>
    <type>custom</type>
</EmailTemplate>
