<?xml version="1.0" encoding="UTF-8"?>
<EmailTemplate xmlns="http://soap.sforce.com/2006/04/metadata">
    <available>true</available>
    <encodingKey>ISO-8859-1</encodingKey>
    <name>Target setting do not reply</name>
    <style>none</style>
    <subject>Do-not Reply Target Date</subject>
    <textOnly>Hi {!Performance_Review__c.Employee_Name__c},

As Your Target Setting Date is Approching which is dated on {!Performance_Review__c.Target_Setting_Date__c}  for Performance Year {!Performance_Review__c.Performance_Year__c} . Please sit with your manager  and close the Target Setting Date.


Regards,
HR TEAM</textOnly>
    <type>custom</type>
</EmailTemplate>
