<?xml version="1.0" encoding="UTF-8"?>
<EmailTemplate xmlns="http://soap.sforce.com/2006/04/metadata">
    <available>true</available>
    <encodingKey>ISO-8859-1</encodingKey>
    <name>Update end date</name>
    <style>none</style>
    <subject>Do not reply-Update or close end date</subject>
    <textOnly>Hi {!Projects__c.Project_Managers__c},
                   As we can see your project end date is {!Projects__c.EndDate__c} but we can see some employees still filling the time sheet. So please kindly update your End Date or Kindly close your Project
Please don not reply if you already updated the status as well as End Date

Note:For any further Clarifications please contact HR.

Regards
HR TEAM</textOnly>
    <type>custom</type>
</EmailTemplate>
